node,count,count_rescaled,cluster,AI_summary,cluster_name
2차전지,29,24.875,0,"에코프로의 주가 상승세와 마이크론, 인텔, 엔비디아 등 주요 반도체 종목의 강세로 인해 2차전지 테마에 대한 전망이 양호하다. 에코프로비엠과 엘앤에프 등 2차전지 테마주는 미국 정부의 중국 배터리 공장 건립 승인 소식에 급락하였고, 2차전지 관련주 전반적으로 약세가 지속되고 있다. HB테크놀러지는 에이치비콥과의 특수관계로 인해 전환사채 콜옵션을 행사하여 2차전지 장비사업과 OLED투자재개에 대한 기대가 크다.",에너지저장장치
동국제강,6,20.5625,0,"동국제강은 인적분할을 통해 동국홀딩스, 동국제강, 동국씨엠 총 3개사로 분할하고, 하반기에는 지주사 체제 구축을 완료할 계획입니다. 그룹은 분할 후에도 경쟁력 강화에 도움이 될지에 대해 의문이 제기되고 있습니다. 분할 후에 상장된 동국제강그룹은 첫날 강세를 나타내었으며, 기존 주주는 분할한 3사에 대해 동일 비율의 지분을 보유하게 되었습니다. 동국홀딩스는 현물출자를 통해 지주사로 전환할 예정입니다. 이로 인해 동국제강그룹의 시총은 3800억원 증가하였습니다.",에너지저장장치
리튬,53,60.0,0,"리튬 테마에 대한 이슈와 전망을 요약하면 다음과 같습니다.
- CBAK 에너지 기술 주식회사는 리튬 이온 배터리 및 관련 제품을 제조하는 중국 기업입니다. 전기 자동차, 전기 자전거, 전기 스쿠터 등 전기 기반 제품에 대한 배터리를 제공하며, 에너지 저장 시스템과 태양광 발전 시스템을 위한 배터리 솔루션도 제공합니다.
- 싱가포르 모 기업과 알에프세미가 195억 원 규모의 리튬인산철배터리(LFP) 제품 공급 계약을 체결했습니다. 이 계약은 알에프세미에게 많은 수익을 가져다 줄 것으로 예상됩니다.
- 중앙디앤엠은 새만금 프로젝트를 통해 2차전지 산업의 글로벌 플레이어로 도약하기 위해 합작법인을 설립하고 투자협약을 체결했습니다. 이를 통해 리튬 테마의 성장과 함께 모빌리티 혁신과 지역사회 발전에 기여할 것으로 기대됩니다. 중앙디앤엠은 향후 새만금에 추가로 조성될 단지에 또 다른 리튬염 생산 시설을 지을 계획입니다.",에너지저장장치
반도체,163,60.0,0,"대만의 tsmc는 중국의 첨단 반도체 생산 능력을 억제하기 위한 미국의 대중 반도체 수출 통제로 인해 중국으로의 반도체 장비 수출이 감소한 것으로 나타났습니다. 그러나 중국은 여전히 대만산 반도체의 최대 구매국입니다. TSMC의 고위 관리는 하반기 반도체 수요가 개선될 것으로 추측했지만, 소비자 지출과 중국의 경제 회복에 신중한 태도를 보였습니다. TSMC 회장은 글로벌 수요는 여전히 세계 경제 약세와 인플레이션, 금리 인상으로 인해 매출이 하락할 것으로 예측했습니다.

코스피는 13일 상승 출발해 대형주 중심으로 양호한 주가 흐름을 보이고 있습니다. 특히 반도체 종목들이 주가 반등에 기여할 것으로 전망되고 있습니다. 삼성전자와 SK하이닉스 등 반도체주의 강세가 두드러지고 있으며, 일부 기업들은 상승하고 있습니다. 그러나 LG에너지솔루션은 약세를 보이고 있습니다. 기계, 운수·창고, 전기·전자, 건설업 등의 업종은 상승하고 있으며, 보험과 금융업은 하락하고 있습니다. 코스닥지수도 오름세를 보이고 있습니다.

삼성전자 반도체 공장을 통째로 복제한 반도체 공장을 중국에 설립하려 한 전 삼성전자 상무 A씨가 구속돼 재판에 넘겨졌습니다. A씨는 국내 반도체 업계 인력들을 영입해 삼성전자 반도체 공장 설계도면 등을 활용했습니다. 그러나 이들이 계획한 반도체 공장은 건설되지 않았습니다.",에너지저장장치
배터리,45,27.875,0,미국 정부가 중국 배터리 업체의 미국 진출을 허용하면서 국내 2차전지 관련 기업들이 긴장하고 있습니다. 이로 인해 한국 업체의 반사 수혜가 줄어들 것으로 우려되고 있습니다. 미국 외국인투자심의위원회는 중국 고션의 미국 진출이 문제가 되지 않는다고 판단했습니다. 포스코퓨처엠의 배터리 소재 수주액이 최근 1년 동안 100조원을 넘어섰습니다. 포스코퓨처엠은 양·음극재 공급 계약을 체결하면서 수주액이 크게 증가했습니다. 디에이테크놀로지는 중국 의존도를 낮추기 위해 현지 진출과 합작공장 증설에 집중하고 있습니다. 디에이테크놀로지는 배터리 제조를 위한 특화된 기술력과 시장 경쟁력을 보유하고 있습니다.,에너지저장장치
에너지저장장치,5,20.375,0,"LS일렉트릭은 영국 보틀리에서 대규모 에너지저장장치(ESS) 구축사업을 시작하며, 내년 6월 준공을 목표로 전력변환장치(PCS) 50MW와 11MWh 배터리를 구축할 예정입니다. LS일렉트릭은 국내외에서 스마트에너지 사업 역량을 바탕으로 ESS 구축과 운영을 맡습니다. 삼성SDI는 인터배터리 유럽 2023에 참가하여 초격차 기술력을 통해 친환경 미래 사회를 추구하는 중장기 비전을 전시했습니다. 인터배터리 유럽 2023은 유럽 최대의 에너지 전시회 중 하나로 삼성SDI는 이번 참가로 아홉 번째 참여하였습니다.",에너지저장장치
이차전지,7,20.75,0,"한국 증시의 밸류에이션 부담이 커지면서 외국인 매수세에도 속도 조절이 나타날 수 있다는 분석이 나왔다. 최근 탈중국 자금이 한국, 일본, 대만으로 분산돼 유입되면서 외국인 매수세가 이어졌다. 글로벌 신흥국 증시 추적자금을 가정하고 한국시장에 배분될 자금의 총액을 계산한 결과, 탈중국 전략을 시행할 경우 한국시장에 9조원 정도의 자금이 유입될 수 있다는 분석이다. 전북 새만금 국가산업단지에 이차전지 리튬염 생산공장이 들어선다. ㈜이디엘사와 새만금개발청 등이 리튬염 양산공장 건립을 위해 투자협약을 체결했다. 코스닥 이차전지 대장주들이 크게 하락하고 있으며, 이는 미국 정부의 중국 배터리 업체 고션의 배터리 공장 건축 승인 소식에 따른 것으로 추정된다.",에너지저장장치
자동차 대표주,26,24.3125,0,"자동차 제조업체들의 R&D 비용이 급증하고 있습니다. 매출 대비 연구개발 투자가 늘어나고 있는 셈이다. 주요 기업들의 연구개발 동향을 보면, 일본 이외의 10개 자동차 회사는 전년 대비 16% 증가한 601억4700만 달러, 일본의 7개 자동차 회사는 전년 대비 8% 증가한 224억 달러였습니다. 일본은 전기차 시장에서 후발주자이기 때문에 내연차 시대의 영광을 되찾기 위해 더 과감한 연구개발 투자를 하고 있습니다.
세계 1위는 폭스바겐으로 약 162억 달러를 투자해 전체 17개 자동차 회사 가운데 20% 정도를 차지했습니다. 이 회사는 중국의 전기자동차 시장점유율을 확대하고 차세대 전기자동차의 개발 및 생산을 촉진하기 위해 투자를 확대하고 있다. GM이 2위, 포드가 4위, BMW가 6위를 차지했습니다.
현대자동차는 올해 임금 및 단체협상에 본격 돌입했습니다. 노조는 지난달 24~25일 임시 대의원대회에서 기본급 인상, 성과급 지급, 각종 수당 인상 및 현실화 요구, 정년연장 등을 주 내용으로 올해 요구안을 확정했습니다. 특히 올해 교섭에서 현재 만 60세의 정년을 국민연금 수령 직전 해인 만 65세까지 늘리는 정년연장에 힘을 쏟을 방침입니다.
올해로 100주년을 맞은 유럽 최고 권위의 자동차 레이스인 르망 24시간 레이스에서 페라리가 도요타의 대회 6연패를 막아내고 58년 만에 정상에 올랐습니다. 제임스 칼사도-안토니소 조빈나치-알레산드로 피에르 구이디 3명의 드라이버가 힘을 합친 페라리-AF 코르세 레이싱팀은 페라리 499P 머신을 타고 도요타 GR010 하이브리드 머신으로 나선 도요타 가주 레이싱팀을 따돌려 우승을 차지했습니다. 르망 24시간 레이스에서 페라리가 정상에 오른 것은 1965년 대회 이후 58년 만입니다.",에너지저장장치
전구체,7,20.75,0,"LS는 하이니켈 양극재 전문회사인 엘앤에프와 손잡고 전구체 사업을 위한 합작회사를 설립하기로 했습니다. 합작회사를 통해 황산니켈 → 전구체 → 양극재로 이어지는 산업 밸류 체인이 구축될 예정입니다. 합작사 설립은 전기차와 휴대용 전자 장치 등의 배터리 분야에서 LS의 경쟁력을 강화하고 해외 시장 진출을 가속화하는 계기가 될 것입니다. LS는 엘앤에프와 함께 전구체 공장을 전북 새만금 산업단지에 짓고, 연내 착공하여 2029년까지 12만톤의 전구체를 생산하는 것을 목표로 합니다. 이를 통해 LS는 배·전·반(배터리·전기차·반도체) 사업을 키워 CFE와 미래산업을 선도하는 기업으로 발전하고자 합니다.",에너지저장장치
전기차,85,60.0,0,"미국 외국인투자심의위원회(CFIUS)는 고션의 미국 전기차 배터리 공장 건설 계획에 대한 국가안보 위험 검토를 통과시켰습니다. 고션은 CFIUS 심사 대상이 아니라는 답변을 받았으며, 공장 계획 건설을 보류한 상태입니다. 삼성SDI는 전고체전지 양산을 위한 시험 설비를 준공할 예정이나 주가에는 그다지 반영되지 않고 있습니다. 전고체전지는 차량 경량화에 유리한 장점을 갖고 있습니다. 미국 인디애나주에 들어설 삼성SDI와 GM의 전기차 배터리 합작공장은 2026년에 양산을 목표로 하고 있으며, 1700여 개의 일자리가 창출될 것으로 기대됩니다. 삼성SDI는 이미 스텔란티스와의 합작공장을 설립하여 전기차 배터리 생산을 진행하고 있습니다.",에너지저장장치
전력,24,23.9375,0,"한국전력의 재정난에도 물가 상승 가능성 등을 고려해 올해 3분기 전기요금이 동결될 것이란 전망이 나왔습니다. 한전은 16일까지 3분기 전기요금 인상 요인을 산업부에 제출할 예정이며, 정부가 물가 상승 가능성과 한전의 누적적자 등을 검토해 20일까지 한전에 전기요금 관련 의견을 전달한 뒤, 한전이 21일에 요금 인상 여부를 발표할 예정입니다. 그러나 시장에서는 2분기 요금 결정이 늦게 이뤄져 전기요금을 인상한 지 한 달이 채 되지 않았고, 여름철 냉방비 부담과 물가 상승 가능성 등을 감안할 때 3분기에도 요금을 곧바로 인상할 가능성은 크지 않다는 전망이 나오고 있습니다. 정부와 에너지 업계 일각에선 국제 에너지 가격의 하향 추세와 여름철 냉방비 부담을 고려해 3분기 전기요금을 동결할 가능성이 제기되고 있습니다. 한전은 지난달 비상경영을 선언하며 약 25조 규모의 자구방안을 내놓았지만, 전기요금 정상화 없이는 근본적인 문제해결이 어려울 것으로 분석되고 있습니다. 정부가 보고한 자료에 따르면 한전의 경영 정상화를 위해선 올해 kWh당 51.6원의 전기요금을 인상해야 하지만, 3분기 전기요금 인상조차 쉽지 않을 것으로 예상되면서 이러한 목표 수치는 현실화하기 어려울 것으로 전망됩니다.",에너지저장장치
증시,51,60.0,0,"- 코스피와 코스닥이 장 초반에 상승세를 보이고 있으며, 시가총액 상위 종목들 중 일부가 오름세를 보이고 있습니다.
- 코스닥지수는 전날 대비 상승하였고, 개인은 매수세이지만 외국인과 기관은 매도세입니다.
- 코스피는 상승 출발하여 2,630대를 회복하였으나, 기준금리 인상 전망이 상승하면서 투자심리가 일부 진정되었습니다.
- 삼성전자, LG에너지솔루션, SK하이닉스 등 시가총액 상위 종목들은 대부분 상승하였고, 업종별로는 철강 및 금속, 화학, 전기·전자 등이 상승하였습니다.
- 코스피200 지수의 편입 종목에 대한 논란과 공매도 세력의 공격으로 금양 투자자들의 불안감이 커지고 있는 상황입니다.",에너지저장장치
탄산,5,20.375,0,"S-OIL은 동광화학에 탄산 제조 원료로 쓰이는 부생가스를 연간 20만톤 공급하여 국내 탄산의 공급 안정에 기여할 예정입니다. 탄산은 산업 전반에 쓰이는 산업용 가스로, 탄산 공급량의 변동성이 심화되고 있어 탄산을 필요로 하는 업계가 어려움을 겪고 있습니다. S-OIL의 공급량 증대는 중소기업의 생산설비 증설에 필요한 원료 공급을 확대하여 성장을 지원할 것입니다. 에쓰오일도 탄산 수급 안정화를 위해 부생가스 생산 확대에 나설 예정이며, 이를 통해 국내 탄산의 공급 안정에 기여할 것입니다.",에너지저장장치
태양광,12,21.6875,0,"폴리실리콘 가격이 급락하여 중국의 폴리실리콘 생산량이 글로벌 모듈 수요를 초과할 것으로 전망되고 있습니다. 이로 인해 OCI와 한화솔루션의 희비가 엇갈리고 있습니다. 미국은 COVID-19 확진자 수가 급증하여 일부 주에서는 새로운 제한과 지침을 시행하고 있지만, 아직 일부 사람들이 위협을 심각하게 받아들이지 않고 있습니다. 미국의 전력 회사인 두크 에너지는 상업용 재생 에너지 사업을 28억 달러에 브룩필드 리뉴어블에 판매하기로 합의했습니다.",에너지저장장치
폴리우레탄,3,20.0,0,"폴리우레탄 원료사업 자회사인 SK피유코어가 SKC에 의해 매각되기로 결정됐습니다. SKC는 현재 매각 협상을 진행 중이며, 복수의 기업들과 협상 중에 있습니다. SK피유코어는 2015년 SKC와 미쓰이화학의 합작사로 설립되었으며, 2021년에는 SKC의 100% 자회사로 전환되었습니다. SK피유코어는 폴리우레탄 원료 사업에 주력하고 있으며, 재생 폴리올과 바이오 폴리올 등 친환경 폴리우레탄 원료 사업을 수행하고 있습니다. SKC는 지난해에 사모펀드 운용사 한앤컴퍼니에 필름·가공사업을 매각한 경험이 있습니다.",에너지저장장치
화학,42,27.3125,0,"화학 부문의 주식들이 크로다 인터내셔널의 회복과 온라인 식료품점 오카도의 주식 업그레이드로 상승하였습니다. 하지만 중앙은행의 통화정책 결정과 인플레이션 데이터를 주목하는 투자자들은 긴장을 늦출 수 없습니다. 이에 따라 영국 주식시장은 투자자들의 관심을 받게 될 전망입니다. 또한, 전국 주유소에서는 휘발유와 경유의 판매가가 연속적으로 하락세를 이어가고 있습니다. 이로 인해 휘발유 가격은 6주 연속, 경유 가격은 7주째로 하락하게 되었습니다. 이러한 추세는 지난 5월부터 이어져 왔으며, 특히 서울과 대구에서 가격 하락이 크게 나타났습니다. 또한, 인바이오의 주가는 급락하였으며, 화학업 업종 평균 주가수익률과 변동성은 각각 8.14%와 1.18%로 나타났습니다. 이 시각 현재 화학업은 1.01% 하락 중입니다.",에너지저장장치
AI,35,26.0,2,"KB증권 보고서에 따르면, AI 시장의 급성장으로 인해 대형 기술 기업들의 고용 위축이 마무리 단계로 진입할 가능성이 제기되고 있습니다. 그러나 기술 기업들의 해고는 감소하는 추세이며, 수요가 충분히 유지된다면 통화긴축 정책은 계속될 수 있습니다. 이에 따라 정보기술(IT) 기업들도 성장세가 약해지면서 고용을 대폭 축소하고 있습니다. 연방준비제도(Fed)는 추가 금리 인상을 시사하고 있으며, 투자자들은 통화긴축 종료를 예상하고 있습니다. 이에도 불구하고 뉴욕증시는 상승세를 보이고 있습니다. 포스코이앤씨는 AI를 활용한 모델에 대한 인증을 받았으며, 부동산 시장 분석과 공동주택 철근소요량 예측에 활용될 것입니다.",스마트테크
광섬유,3,20.0,2,"LS전선은 5Gㆍ6G 통신용 멀티코어 광섬유 원천기술 확보에 나섰다. 멀티코어 광섬유는 데이터 전송량이 현재 1코어 광섬유에 비해 획기적으로 증가하는 차세대 제품으로, 데이터 전송 용량을 늘리고 통신 속도를 높일 수 있다. 한편, LS전선은 유럽과 일본의 극소수 업체만이 개발에 성공한 멀티코어 광섬유 기술을 확보하고 차세대 통신케이블 시장을 선점할 계획이다. 또한, LS전선은 초고속 통신 인프라의 확대로 대용량 데이터 전송 가능한 통신케이블 수요가 증가할 것으로 예상되어 해저 광케이블 전문 시공업체인 KT서브마린의 지분 인수 등을 통해 사업을 확대하고 있다. 이에 대해 김두근 한국광기술원 부원장과 이인호 LS전선 기술개발본부장(CTO)은 차세대 광통신 기술 협력을 위해 MOU를 체결했다.",스마트테크
광통신,8,20.9375,2,"SK브로드밴드는 광통신 신기술 개발을 통해 기업들의 장비 설치 비용을 줄이고 이용자들에게 고용량·고품질의 인터넷 서비스를 제공하기 위한 국책사업을 수주했다. 개발된 기술은 전송거리를 기존보다 50% 늘려줄 것으로 예상되며, 천재지변과 공사로 인한 광케이블 단선 시 원격으로 위치 파악과 진단이 가능해진다. 이를 통해 광통신 신기술의 국산화와 상용화가 이루어질 것으로 기대된다. SK브로드밴드는 다양한 국책사업에 참여하여 국내 초고속인터넷 기술 개발을 선도하고 있으며, 중소기업과의 상생을 추구하며 산업 생태계의 선순환에 앞장서고 있다. 이번 기술 개발을 통해 데이터의 전송거리와 속도를 획기적으로 개선하고 안정적인 고용량·고품질의 서비스를 제공할 수 있는 기반을 조성할 것으로 기대된다.",스마트테크
메모리 칩,3,20.0,2,"미국의 메모리 칩 제조업체 마이크론은 중국의 시안에 위치한 칩 패키징 시설에 투자하고, 새로운 생산 라인을 개발하여 공장의 기능을 강화할 예정입니다. 이로 인해 마이크론의 중국 인력은 4,500명 이상으로 늘어날 것입니다. 마이크론은 중국에서의 메모리 칩 판매 금지로 인해 중국 본사 고객 매출의 절반이 영향을 받을 위험이 있다고 밝혔습니다. 이에 따라 회사 주식은 3% 하락했습니다. 마이크론의 중국 본사 매출에 대한 영향은 전체 매출의 낮은 두 자릿수 백분율에 해당합니다.",스마트테크
무인이동체산업엑스포,5,20.375,2,"엑서지솔루션스는 안티드론과 무인항공기대응시스템(C-UAS) 시장에 진출하기 위해 관련 업체들과 협력관계를 구축 중입니다. 포르템테크놀로지스는 미국의 항공 보안 전문업체로 국내외 다수 언론에서 소개된 바 있습니다. 안티드론 시스템은 인공지능(AI) 소프트웨어가 탑재된 개발 레이더로 불법 드론을 탐지한 후 자율주행드론을 띄워 그물로 포획하는 기술로, 다양한 국제행사에서 활용되었습니다. 엑서지솔루션스는 포르템테크놀로지스와 협업하여 안티드론 및 AI 방산 사업의 경쟁력을 강화하고자 합니다.",스마트테크
빅테크,6,20.5625,2,"뉴욕 증시는 강세를 보이며 지속적으로 상승하고 있습니다. 연준의 추가 기준금리 인상 시사와 상응하지 않는 시장의 반응으로 다음달 FOMC에서의 추가 인상에 대한 기대가 높아지고 있습니다. 테슬라와 애플 등 빅테크 주가는 초강세를 보이며 시장 전반으로 확산되고 있습니다. 이에 따라 빅테크 주도의 증시 랠리가 다른 부문으로 확산될 가능성이 높아지고 있으며, 연말 S&P 500 지수 목표치도 상향 조정되었습니다. S&P 지수는 4300선을 돌파하여 최고치를 기록하였으며, 이는 가장 긴 약세장이 끝났다는 시장의 전망을 반영하고 있습니다.",스마트테크
스마트팩토리,6,20.5625,2,"엠아이큐브솔루션은 금융감독원에 증권신고서를 제출하고 코스닥 상장을 위한 본격적인 공모 절차에 착수했다. 매출액은 2021년 대비 31% 성장하며 영업이익은 600% 상승하여 사상 최대 성과를 기록했다. 엠아이큐브솔루션은 스마트팩토리의 현재와 미래에 모두 대응할 수 있는 솔루션 포트폴리오를 갖추고 있으며, IPO를 통해 디지털 트윈, AI 등 ICT 융합기술을 접목한 제조 지능화 솔루션 사업을 적극 추진할 예정이다. 이번 상장으로 조달하는 자금은 연구 인력 채용과 연구활동비에 투입되어 빠른 성장세를 이어갈 것으로 기대된다.",스마트테크
엔비디아,5,20.375,2,"엔비디아 주식을 계속 사야한다는 권고가 나왔다. 엔비디아는 사상최고치 행진을 지속하고 시가총액 1조달러를 넘어섰으며, 더 오를 여력이 있다는 판단이다. 반면에 AMD는 엔비디아의 인공지능(AI) 반도체에 대해 투자자들이 여전히 반신반의하고 있고, 미국 의회의 면책권 없애는 법안이 AMD에 충격을 주었다. 엔비디아의 애널리스트는 새로운 그래픽카드와 게임밍 반도체 출시로 엔비디아 주식을 계속 사야 하는 이유라고 말했다. 엔비디아는 게이밍, AI 부문에서 선두주자로 무장하고 있으며, 반도체 업계 최고 종목이다. 엔비디아의 시가총액이 사상 첫 1조달러를 돌파했다. 엔비디아의 AI칩을 공급받기 위한 기업들의 쟁탈전이 벌어지고 있다. 엔비디아는 인텔, AMD, 구글, 아마존 등보다 우위에 있다고 평가받고 있으며, 항상 경쟁을 염두에 두고 있다고 회장 겸 최고경영자는 밝혔다. 엔비디아는 AI의 성장과 발전을 따라잡는 새로운 시대의 여명기에 있다고 말했다. 엔비디아의 주가는 180.7% 폭등하여 시가총액 1조 달러를 돌파했다. 엔비디아는 인공지능 수혜주로 평가받고 있으며, 미국에서 시총 1조 달러를 넘은 기업은 단 7곳뿐이다.",스마트테크
파운드리,7,20.75,2,"- 300㎜ 팹 장비 매출액이 2026년까지 증가할 것으로 예상되며, 특히 파운드리와 메모리 분야에서 성장이 예상됩니다. 한국은 2026년에 302억달러의 매출액을 기록할 것으로 예상됩니다.
- 삼성전자는 1분기에 파운드리 업황 둔화로 인해 시장 점유율이 줄었고, TSMC와의 격차가 벌어졌습니다. 협상력 부족으로 인해 침체기 실적이 큰 변동성을 보이고 있으며, 2분기에는 특정 부품 주문과 3나노미터 신제품 출시로 매출 감소가 완화될 것으로 예상됩니다.
- TSMC와 삼성전자의 점유율 격차가 커졌으며, 삼성전자의 실적은 8인치와 12인치 웨이퍼 가동률의 감소로 인해 가장 큰 매출 감소 폭을 보였습니다. 하지만 3나노 신제품 도입으로 인해 2분기에는 매출 감소율이 줄어들 것으로 예상됩니다.
- TSMC의 1분기 파운드리 매출은 주요 애플리케이션 수요 침체로 인해 전 분기 대비 16.2% 감소했지만, 시장 점유율은 증가했습니다. TSMC와 삼성전자의 시장 점유율 격차는 더 커졌습니다.
- 글로벌 10대 파운드리 업체의 매출은 1분기에 전 분기 대비 18.6% 감소했습니다.",스마트테크
해저케이블,3,20.0,2,LIG넥스원과 KT서브마린이 함께 참여하여 LS전선에 167억 원 규모의 해저 광케이블을 공급하며 국방용 해저케이블 사업에 참여한다고 밝혔습니다. LS전선은 KTS의 인수를 통해 해저 전력케이블에 더해 광케이블 시장도 확대해가는 전략이라고 전했습니다. 해저 광케이블은 대륙 간 데이터 전송뿐만 아니라 다양한 활용 분야가 있습니다. LS전선은 수십km를 이음새 없이 제조 가능하며 인장 강도가 60톤에 이르는 제품을 개발 중입니다. KTS는 LS전선 및 글로벌 빅테크 기업들의 해저케이블 사업 확대에 힘입어 상반기에만 550억 원의 계약을 체결한 것으로 알려져 있습니다.,스마트테크
해저터널,7,20.75,2,"LS전선은 해저 광케이블을 공급하여 해저 전력케이블 시장을 확대하고 있다. LS전선은 KT서브마린의 지분을 인수하여 광케이블 사업의 시너지를 기대하고 있다. 해저 광케이블은 대륙 간 데이터 전송과 해저 지진계 설치, 생태계 조사 등 다양한 분야에서 활용될 수 있다. LS전선은 수심 2km 이상의 깊은 바다에서도 작동이 가능한 프리미엄급 광케이블을 개발 중이다. KT서브마린은 LS전선과 글로벌 빅테크 기업들의 해저케이블 사업 확대로 상반기에 550억원에 달하는 계약을 체결했다.",스마트테크
IPO,15,22.25,7,"- 코스피 지수 상승으로 IPO를 미뤘던 기업들이 증시 입성을 서두르고 있습니다.
- 두산로보틱스와 SGI서울보증보험은 상장 예비 심사 절차에 들어가며 업계는 이를 기대하고 있습니다.
- Cava Group은 최대 22억 3천만 달러의 기업 가치로 미국 IPO를 추진하며, 퀵서비스 체인의 강한 판매와 함께 이루어진 분기 실적을 바탕으로 성공적인 IPO를 기대할 수 있습니다.
- Cava의 성공적인 IPO는 다른 기업들의 상장 톤을 설정할 수 있을 것으로 예상됩니다.
- ARM은 고객들과 협상 중인 앵커 투자자를 모집하기 위해 IPO에 참여할 가능성이 있는 다양한 기업들과 협상 중입니다.",증권
보험,17,22.625,7,"1. 1분기 삼성생명보험의 신계약 금액이 12조를 넘은 가운데 해약 계약 규모도 가장 큰 것으로 나타났습니다. 이는 경기 침체 시 소비자들이 생활비를 줄이는 대신 보험 해지를 선택하거나 잠시 보험을 멈추는 영향으로 분석됩니다.
2. 1분기 생명보험사 전체적으로 효력상실 및 해약금액이 크게 늘었습니다. 이는 작년 가계대출 증가율과 실업률의 안정화에도 불구하고 경제 성장률의 하락, 금리와 물가의 상승이 보험계약 해지 증가의 주요 원인으로 작용한 것으로 설명됩니다.
3. DB손해보험이 베트남 손해보험사인 사이공하노이보험(BSH)의 지분 75%를 인수합니다. 이로써 DB손보는 베트남 내 3개 손보사를 통한 사업역량을 확대할 예정입니다.
4. 미국 보험사 Liberty Mutual Insurance가 서유럽의 개인 및 소규모 상업 사업부문을 Generali Group에 23억 유로에 판매합니다.
5. 이번 매각을 통해 리버티 뮤추얼 보험은 서유럽 개인 및 소규모 상업 영업에서 철수하고 일반리 그룹에게 사업을 양도할 예정입니다.",증권
인수목적회사,27,24.5,7,"미국 연방거래위원회(FTC)가 마이크로소프트(MS)의 액티비전 블리자드 인수에 제동을 걸어 인수목적회사에 대한 우려가 제기되고 있습니다. FTC는 블리자드 인수로 인해 경쟁업체에 대한 콘텐츠 제공이 제한될 수 있는 가능성을 우려했습니다. MS는 이에 대해 블리자드와 계약을 통해 콜 오브 듀티를 계속해서 제한 없이 판매할 것이라고 약속했지만, FTC는 이에 대한 잠재적인 제한 가능성을 우려하고 있습니다. FTC의 가처분 신청으로 인수 작업이 지연될 수 있으며, 이에 대한 법적 절차가 가속화될 것으로 예상됩니다. 이번 인수 거래에 대한 법원의 결정 결과가 주목받고 있습니다.",증권
자본 리쇼어링,3,20.0,7,"국내 기업들의 자본 리쇼어링이 본격화되고 있습니다. 기획재정부와 한국은행은 연초부터 주요 기업들의 해외 자금 국내 유입이 본격화된 것으로 분석했습니다. 해외 배당소득에 대한 과세 규정 개정이 국내 자금 유입에 주요한 역할을 한 것으로 보입니다. 지난해 1·4분기 대비 올해 국내 기업의 해외 배당소득 유입이 증가한 것으로 나타났으며, 법인세 개정안이 국내 자금 유입에 주요한 역할을 한 것으로 분석됩니다. 이중과세 완화로 인해 기업들이 해외에서 번 돈을 국내로 송금해 투자에 활용하려는 움직임이 본격화되고 있습니다.",증권
자사주,4,20.1875,7,"자사주 매입 및 소각을 검토 중인 금융당국은 개인투자자들의 주주환원 강화 기대가 높아지고 있는 가운데, 재계에서는 자사주 소각 의무화가 기업 경영권을 위협할 수 있다는 우려의 목소리도 나오고 있습니다. 금융위원회는 자사주 제도 개선을 위해 자사주 강제 소각 및 자사주 보유 한도 설정 등의 방안을 검토하고 있으며, 상장사들의 자사주 매입 후 주주환원 목적을 달성하지 못한 경우 소각 의무화를 검토하고 있습니다. 미국을 비롯한 주요국은 자사주 매입 시 소각을 강제하거나 자사주에 대한 권리를 인정하지 않고 있습니다. 금융당국이 상장사의 자사주 보유 규제 방안을 검토 중인 가운데, 상장사들의 자사주 보유량이 10%를 초과해 오버행 우려가 커지고 있습니다. 상장사들은 자사주 매입 후 소각하지 않고 대량 매도할 수 있는 가능성이 있으며, 이는 증시에 악재가 될 수 있다는 우려가 제기되고 있습니다.",증권
주식,15,22.25,7,"스튜디오산타클로스는 주주배정 유상증자 결과를 공시하였습니다. 청약률은 51.42%이며, 주관회사는 유진투자증권입니다. 이번 유상증자를 통해 재무구조 개선과 사업진행 속도를 낼 예정입니다. 미국 주식 시장에서는 기술주에 대한 투자가 확대되면서 상승세가 지속되고 있습니다. 경기 침체에 대비하여 포트폴리오를 재조정하는 투자자들로 인해 상승세가 확대되고 있습니다. 일부 투자자들은 경기적으로 민감한 시장 분야로 투자를 확대시키고 있습니다.",증권
주식수 변동,3,20.0,7,(주)피에몬테의 휠라홀딩스 주식이 12만1448주 늘어나면서 지분율이 31.26%로 0.20%p 변동했습니다. (주)미코의 코미코 주식도 44만237주 늘어나면서 지분율이 41.10%로 2.59%p 변동했습니다. 정신 대표이사의 올리패스 주식은 270만8210주 줄어들면서 지분율이 10.37%로 8.67%p 변동했습니다. 이로써 주식수 변동을 통해 각 기업의 지분율이 변화하고 있습니다. 이는 기업의 경영 상황에 대한 시장 참여자들의 관심을 끌 수 있을 것으로 전망됩니다.,증권
증권,27,24.5,7,네이버 LINE은 일본에서 증권사업을 철수한다고 닛케이 신문과 지지(時事) 통신 등이 12일 보도했습니다. 주력 증권사업을 이양하는 LINE 증권에는 실제로 FX(외환 증거금) 거래만 남게 된다. 올해 1분기 60개 증권회사 순이익은 3조 8968억원으로 집계됐습니다. 증권사들의 실적이 영업 부문 전반에 걸쳐 전분기 대비 개선됐습니다. 3월 말 증권사의 자기자본은 82조4000억원으로 지난해 말 대비 2.9% 증가했습니다.,증권
코스닥,15,22.25,7,"코스닥은 외국인과 기관의 쌍끌이 매수로 인해 상승 마감했습니다. 금융업, 일반전기전자업, 기타 제조업이 강세를 보였으며, 방송서비스업, 운송업, 종이·목재업 등은 내림세로 마감했습니다. 아이크래프트, 토마토시스템, 넥스트칩 등은 오름세를 보였고, 남화토건, 슈프리마아이디, 진영 등은 하락했습니다. 코스닥 예비 상장사들은 상장예비심사에 대한 기한 연장을 요청하고 있는데, 거래소는 심사 일정이 연기될 것 같다며 심사 기한 연장을 요청했습니다. 코스닥 지수는 2%대로 하락하며 대부분 업종이 하락세를 보이고 있습니다. 에코프로비엠, 엘앤에프 등의 2차전지 관련주가 큰폭으로 하락하고 있습니다.",증권
테크놀로지,6,20.5625,7,"디에이테크놀로지는 LG전자와 59억2500만원 규모의 공급계약을 체결했다고 공시했습니다. 이번 계약은 2차전지 조립공정 제조 설비 공급계약으로, 계약금액 및 기간은 최근 매출액 대비 11.1% 증가한 것으로 알려졌습니다. 또한, 디에이테크놀로지는 올해 1월부터 6월까지 5건의 공급계약을 공시하였으며, 전년 대비 805.8% 증가한 수치입니다. 이를 통해 향후 실적 성장에 대한 기대가 크다고 전망됩니다. HB테크놀러지는 최대주주인 에이치비콥과 특수관계인 문성준 대표이사가 120억원 규모의 전환사채 매도청구권을 행사했습니다. 이번 콜옵션 행사로 전환사채의 권면금액과 전환가능 주식주가가 감소하며 오버행 이슈가 해소될 것으로 보입니다. HB테크놀러지는 OLED 검사장비, 레이저 리페어 장비를 공급하고 있으며, 2차전지 장비 사업도 순조롭게 진행되고 있어 향후 실적 성장에 대한 기대가 큽니다.",증권
LNG,17,22.625,5,"삼성중공업은 북미 지역 선사로부터 6592억원 규모의 LNG운반선 2척을 수주했으며, 이번 계약을 포함해 올해 목표의 34%를 달성했습니다. 선종별로는 LNG 운반선 6척, 원유 운반선 2척, FLNG 1척을 수주한 것으로 알려졌습니다. 삼성중공업은 안정적인 조업 물량을 바탕으로 수익성 중심의 수주를 늘려가고 있습니다. 이번 계약을 포함해 삼성중공업의 선박 수주잔고는 147척, 270억 달러로 LNG운반선 비중이 70%에 이르고 있습니다. LNG 터미널 증설과 FLNG 도입을 통해 2025년 이후 액화 처리 능력이 크게 증가할 것으로 전망됩니다.",자원개발
금리,82,60.0,5,"- 글로벌 주식 시장은 미국 연방준비제도(Fed)의 금리 인상 중단을 예상하여 기분이 좋아졌다.
- 영국에서는 인플레이션 데이터에 따라 재정금리 인상에 대한 기대가 높아져 파운드가 상승했다.
- 영국 정부 채권의 안정화로 수요일에는 국채 수익률이 하락했으며, 독일 국채 수익률은 최고치를 기록했다.
- 연방준비제도(Fed)는 내년부터 금리 인하를 시작하겠지만, 실질 금리는 2024년까지 점진적으로 긴축될 것으로 예상된다.
- 연준의 향후 강력한 금리 인상 가능성에 따라 비트코인과 알트코인들은 하락세를 보였다.",자원개발
북한 광물자원개발,4,20.1875,5,"미국은 북한인 2명을 제재 목록에 추가했는데, 이들은 북한의 대량살상무기와 탄도미사일 프로그램에 필요한 부품을 구매하고 조달하기 위해 중국과 이란 등 해외 네트워크를 활용한 것으로 알려졌다. 이는 다수의 유엔 안전보장이사회 결의 위반인 것으로 설명되었다. 러시아는 북한에 정제유 공급을 재개한 것으로 확인되었고, 이는 북한이 러시아에 무기와 원조를 제공한 대가로 이루어진 것으로 분석되었다. 이에 따라 북한은 정제유를 통해 러시아의 지원을 받으면서 광물자원개발에 대한 전망이 향상될 것으로 예상된다.",자원개발
원유,29,24.875,5,"1. 기븐슨 에너지는 사우스 텍사스 게이트웨이 원유 터미널을 인수하여 미국의 원유 수출 시장 확대를 위한 준비를 하고 있다.
2. 미국의 원유 수출은 최근 몇 년간 급증하여 3월에는 약 450만 배럴까지 기록되었다.
3. 사우디아라비아의 자발적 감산 발표에도 글로벌 투자은행 골드만삭스는 올해 국제유가 전망치를 낮추었다.
4. 연방준비제도(Fed)는 더 많은 이자율 인상을 예상하며, 원유 재고 증가로 인한 수요 우려로 원유 가격이 하락했다.
5. 이전 날 중국 중앙은행의 조치로 원유 수요가 증가하면서 원유 가격은 일시적으로 상승했다.",자원개발
원화강세수혜주,5,20.375,5,"죄송하지만, 현재는 뉴스 기사를 제공할 수 없습니다. 다른 주제로 도움이 필요하시면 언제든지 말씀해주세요.",자원개발
인플레이션,98,60.0,5,"- 일본은행은 높은 인플레이션에도 불구하고 금리를 낮출 것을 시사했다. 일본은행 총재는 내년 급여 협상과 임금 증가의 지속 가능성에 대한 불확실성이 높다고 언급했다. 일본의 소비자 물가 상승률이 완화되고 기업의 가격 결정 행태에 변화가 있을 수 있다고 전망했다. 일본은행은 금융완화정책을 유지하며 경제 회복을 지원할 것이라고 시사했다.
- 미국의 인플레이션은 둔화하고 있으며, 이에 따라 연준이 금리를 동결할 것으로 예상된다. 7월 회의에서는 금리 인상 가능성이 제기되었지만, 전문가들과 정책 입안자들 사이의 합의는 이뤄지지 않았다. 인플레이션 둔화로 인해 연준 내부에서 금리 인상에 대한 논쟁이 진행되고 있다.
- 미국 뉴욕 증시는 강세를 보이고 있으며, 근원물가가 높은 것은 주거비와 중고차의 비중이 과하게 반영된 결과라고 분석되고 있다. 이에 따라 연준의 금리 동결론에 무게가 실렸다. 현재 시장 참가자들은 연준이 이번 정례회의에서 금리를 동결할 확률을 94.2%로 보고 있다. CPI의 고무적인 추세는 연준이 금리를 변동 없이 유지할 수 있는 여유를 제공할 것으로 예상된다.",자원개발
조선,28,24.6875,5,"국내 조선업계가 카타르에너지의 액화천연가스(LNG) 운반선 수주전에서 경쟁을 예고하고 있다. 하지만 선가가 상승하고 발주 금액이 증가하는 등의 이유로 전체 발주 물량을 확보하는 것은 어려울 것으로 예상된다. 그러나 한국 조선업체들은 차별화된 기술력을 갖추고 있어 수주 가능성을 높일 수 있다. HD한국조선해양은 Hi-eGAS(Hyundai High Efficient Gas Supply System)를 개발하여 연료비와 탄소 배출을 줄일 수 있는 차세대 LNG 연료공급시스템을 보유하고 있다. 한화오션도 자체 개발한 LNG 재액화시스템인 NRS(Nitrogen Refrigerant System)을 활용하여 수주 물량을 늘리려는 계획이다. LCO2 운반선 개발에 대한 관심도 높아지고 있다. LCO2 운반선은 탈탄소화 움직임에 따라 포집된 탄소를 운송하기 위한 수단으로 사용될 것으로 예상된다. 이에 따라 국내 조선업계는 LCO2 운반선 개발에 속도를 내고 있다. 현대베트남조선은 베트남 조선산업에서 중요한 역할을 담당하고 있다. 베트남은 조선업 세계 5위 국가로, 현대베트남조선은 이 가운데 약 74.4%의 수주 잔액을 차지하고 있다. 또한 현대베트남조선은 올해 13척의 선박을 인도할 계획이다.",자원개발
항공기부품,16,22.4375,5,"1. 일본 도쿄 하네다공항에서 발생한 에바항공과 타이항공 여객기의 접촉 사고로 인해 부상자는 없었습니다. 
2. 국내 항공사들은 저환율과 저유가로 인해 반등하였으며, 연료비 부담도 줄어들 것으로 예상됩니다. 
3. 보잉은 737-MAX 사고 이후 장기적인 계획을 통해 2025년까지 펀더멘털을 회복시키고자 합니다. 
4. 보잉의 기업가치를 결정짓는 변수는 인도 대수의 정상화입니다. 
5. 기업가치가 회복되면 실적도 정상적인 수준으로 회복될 수 있으며, 보잉은 2023년 이후 인도 대수 회복을 예상하고 있습니다.",자원개발
환율하락,71,60.0,5,"일본은행의 인플레이션 둔화 전망과 ECB의 금리 인상 시사로 인해 엔화가 약세를 보이고, 유로는 금리 인상과 호크시한 전망에 따라 상승세를 보였습니다. 미국의 경제 데이터 부진으로 인해 미국 달러는 전반적으로 하락하며, 거래자들은 미국 금리에 대한 베팅을 줄였습니다. 원/달러 환율은 글로벌 위험선호 회복에 따라 하락할 전망이며, 환율은 뉴욕증시와 중국, 홍콩증시의 상승에 영향을 받을 것으로 예상됩니다. 또한, 수출 네고와 중공업 환헤지 물량의 대기로 인해 환율은 추가로 하락할 것으로 예측되나 결제수요를 비롯한 저가매수가 하락을 제한할 것으로 예상됩니다.",자원개발
거래량,27,24.5,6,"거래량 테마에 대한 이슈와 전망을 요약하면 다음과 같습니다. 이루다, 에이텍모빌리티, 아이톡시 기업의 거래량이 큰 폭으로 증가하고 있으며, 매수우위를 보이고 있습니다. 이는 투자자들이 해당 기업에 대한 관심과 수요가 높다는 것을 의미합니다. 이러한 추세가 지속된다면 거래량은 더욱 증가할 것으로 예상됩니다. 따라서 거래량 테마에 대한 전망은 긍정적으로 평가될 수 있습니다.",산업 클러스터
건설,35,26.0,6,"태영건설 부회장이 23만 6970주를 매입했다고 밝혔습니다. 이 부회장은 3차례에 걸쳐 주식을 매입했으며, 이는 기업 가치에 비해 현재 주가가 저평가돼 있다고 판단한 결과입니다. HDC현대산업개발은 강릉시 견소동 아이파크 신축공사를 수주했습니다. 해당 아이파크는 주거 선호도가 상승하고 있는 권역에 위치하고 있으며, 주변에는 국도와 KTX역 등 편의시설이 인접해 있습니다. 삼부토건은 현재 주가가 52주 신고가를 경신했습니다. 최근 거래량은 큰 폭으로 증가하는 추세이며, 수급측면에서는 매수우위를 보이고 있습니다.",산업 클러스터
동원금속,3,20.0,6,"동원금속의 주가가 상승세를 보이고 있습니다. 최근 52주 신고가를 경신했으며, 거래량과 거래대금이 큰 폭으로 증가하는 추세입니다. 수급측면에서는 매수우위를 보이고 있습니다. 이러한 동향은 동원금속의 전망을 긍정적으로 보여줍니다.",산업 클러스터
건설 중소형,16,22.4375,4,"동양은 롯데건설과 광양바이오매스 발전소 FGTS 및 AHS 건설공사 계약을 체결했습니다. 계약금액은 492억원으로 동양의 연결기준 매출의 6.41%에 해당합니다. FGTS는 보일러에서 발생하는 대기오염물질을 처리하기 위한 설비이고, AHS는 친환경적으로 바닥재 및 비산재를 처리하기 위한 설비입니다. HDC현대산업개발은 강릉 견소동 아이파크 신축공사를 수주했습니다. 이 단지는 강릉시 견소동에 위치하며, 총 794가구로 조성됩니다. HDC현대산업개발은 주택사업의 강점과 건설 경쟁력을 통해 수주 경쟁력을 높여 나가겠다고 밝혔습니다.",헬스케어
게임,18,22.8125,4,"미국 연방거래위원회(FTC)가 마이크로소프트의 액티비전블리자드 인수를 저지하기 위해 가처분명령을 신청할 계획이다. FTC는 게임시장을 장악한 이들이 MS 게임콘솔을 사용하지 않는 소비자들에게는 더 높은 가격을 책정해 MS 콘솔로 유도하거나, 아예 다른 콘솔 등에서는 접근을 막을 수도 있다고 주장했다. 아이톡시가 4년 만에 거래 재개되면서 개인투자자들은 안도의 한숨을 쉬고 있다. 전문가들은 아이톡시의 상장규정 연장으로 물량 폭탄이 쏟아질 수 있다고 지적했다. 위메이드가 한국 모바일 게임 퍼블리셔 매출 3위로 도약했다. 나이트 크로우는 출시 후 35일간 약 3500만 달러의 누적 매출을 올렸으며, 한국 시장에서만 발생한 매출로 전 세계 기준으로도 매출 순위 33위에 올랐다.",헬스케어
디지털 광고,6,20.5625,4,"유럽연합은 구글에 대해 디지털 광고 시장에서 지배적 지위를 남용해 반독점법을 위반한 혐의가 있다고 경고했습니다. 만약 건전한 경쟁을 왜곡하고 있다고 판단된다면 구글에 광고 부문의 일부를 분리하도록 요구할 수도 있을 것입니다. 한편, 미국의 엔비디아를 포함한 투자자들로부터 9천만달러를 조달한 디지털 미디어 플랫폼인 신디시아는 AI를 활용해 비디오를 만드는 소프트웨어를 개발하는 회사입니다. 또한 유럽연합의 경쟁당국은 구글에게 광고 기술 사업 일부를 매각하도록 명령할 수 있는 것으로 전해졌습니다. 이러한 움직임은 구글의 광고 기술 사업이 공정한 경쟁을 저해하고 있다고 판단된 결과입니다.",헬스케어
바이오,83,60.0,4,"셀트리온은 5개의 후속 바이오시밀러 글로벌 허가 신청을 완료하고 2025년까지 바이오시밀러 제품 포트폴리오를 11개까지 확대한다고 밝혔습니다. 이를 통해 바이오시밀러 사업 경쟁력을 강화할 계획입니다. 셀트리온은 한편 신약 개발에도 노력할 예정입니다. 유프락시아 제약은 미국 FDA로부터 약물 개발의 FAST TRACK 지정을 받았고, 치료 후보물질인 EP-104IAR에 대한 임상시험을 계속 진행할 예정입니다. 또한, 파톰 제약사는 침식성 GERD에 대한 NDA 재제출의 FDA 승인을 발표하였으며, 침식성 위식도염과 H. pylori 증상을 위한 보노프라잔의 병용 출시를 계획하고 있습니다.",헬스케어
신신제약 대웅제약,6,20.5625,4,"신신제약 대웅제약 테마에 대한 이슈와 전망은 다음과 같습니다. 대웅제약이 국산 신약으로 허가받은 SGLT-2 억제 기전의 당뇨 치료제 엔블로 복합제를 허가받았습니다. 대웅제약은 엔블로에 메트피로민을 더한 당뇨병 복합제 엔블로멧의 국내 허가를 취득했습니다. 이는 국내 당뇨병 치료제 시장 선점을 위한 전략으로 복합제 라인업을 지속 확대할 계획입니다. 김한기 회장의 신신제약 주식이 10만주 줄어들었으며, 주식수 비율은 10.65%로 변동했습니다. 대웅제약의 엔블로는 SGLT-2 억제제로 소장의 포도당 재흡수를 막아 혈당을 낮추는 기전입니다. 이번 신약 허가로 대웅제약은 국내 의료상황에서 유의미한 치료 옵션을 제공할 수 있게 되었습니다.",헬스케어
신약,7,20.75,4,"1. 노바르티스는 미국 기반의 치누크 치료제를 인수하기로 합의했습니다. 합의된 거래에 따라 치누크 주주는 32억 달러를 받게 되며, 추가적인 대금도 지급될 수 있습니다.
2. 팬벨라 치료제 주식 회사는 췌장암 치료를 위한 치료법 개발에 중점을 두고 있습니다. 주요 제품인 PDA-002는 췌장암 치료를 목표로 하고 있으며, 주가는 3.75달러로 발표되었습니다.
3. SK바이오팜의 뇌전증 신약 세노바메이트가 캐나다에서도 시판 허가를 받았습니다. 세노바메이트는 국내에서 개발되었으며, 미국에서 이미 승인을 받은 신약입니다. 캐나다 시장 공략에 속도를 내고 있습니다.
4. 노바르티스와 팬벨라 치료제 주식 회사의 거래와 SK바이오팜의 세노바메이트 시판 허가는 신약 분야에 대한 관심을 높였습니다.
5. 이러한 신약 관련 거래와 허가는 신약 개발 및 시장 진출에 대한 전망을 좋아지게 했습니다. 신약 분야에서의 경쟁과 혁신이 더욱 가속화될 것으로 예상됩니다.",헬스케어
알츠하이머,3,20.0,4,"알츠하이머 테마에 대한 이슈와 전망은 금요일 전문가 자문 패널이 아이사이와 바이오젠의 알츠하이머 치료제 레켐비의 임상 시험이 치료 효과를 입증하여 미국 전통적인 규제 승인을 위한 길을 개방했다는 것과 알츠하이머 치료제 정식 품목허가가 코앞으로 다가오면서 시장이 올해 열릴 것으로 보이며, 삼성바이오로직스의 알츠하이머 치료제에 대한 관심도 높아지고 있습니다. 또한 미국 주식 지수 선물은 이번 주 인플레이션 데이터와 미 연방준비제도(Fed)의 금리 결정을 앞두고 상승하며, 투자자들은 미 노동부 소비자 물가지수를 주시하며 미국 통화정책에 대한 단서를 찾고 있습니다. 이러한 상황에서 바이오젠의 알츠하이머 치료제에 대한 지지와 연방준비제도 회의에서의 미국 통화 정책 방향에 대한 단서를 투자자들이 주목하고 있습니다.",헬스케어
의료기기,8,20.9375,4,"시너지이노베이션은 보스턴사이언티픽에 엠아이텍 지분을 매각하여 461억 원의 매각금액을 받았다고 밝혔습니다. 이로 인해 시너지이노베이션은 총 611억 원의 유동성을 확보하게 되었습니다. 엠아이텍에 대해서는 여전히 최대주주의 지위를 유지하며, 보스턴사이언티픽과의 전략적 제휴를 통해 일본시장에서의 사업을 강화하고 새로운 시장에 진출할 계획입니다. 시너지이노베이션은 이번 자금을 회사 발전과 주주 이익 극대화를 위해 활용할 것이라고 전했습니다.",헬스케어
의약품유통,9,21.125,4,"지오영은 백제약품 지분 인수를 통해 의약품유통업계 1위로 성장하였다. 대형 물류센터 구축과 인수합병을 통해 경제적 규모를 확대하였으며, 의약품 웹 주문시스템을 개발하여 약국 운영의 효율성을 높이는데 기여하였다. 지오영은 의약품유통을 기반으로 의료기기 구매대행, 헬스케어 등의 신규사업 다각화를 추구하고 있는 상태이다. 이를 통해 매출과 수익성을 동시에 성장시키고 있다.",헬스케어
콜드체인,9,21.125,4,"HLB테라퓨틱스가 에스제이팜 인수를 통해 백신 사업 확장에 속도를 낸다는 구상으로 풀이되며, 이번 인수를 통해 콜드체인 사업 강화에 나선다는 구상입니다. 콜드체인 사업은 국가적으로도 매우 중요한 사업이 되었으며, 전용 컨테이너 시설이나 전문적인 운영체계를 구축하는 것이 필수적입니다. HLB테라퓨틱스는 이번 인수를 통해 전국적 콜드체인 유통망을 구축하고, IoT 기술을 활용해 더 빠르고 안전한 운송 시스템을 마련할 계획입니다. HLB테라퓨틱스는 콜드체인 인프라 및 노하우를 이미 확보하고 있으며, 콜드체인 사업 역량을 강화해 국내 No.1 생물학적제제 전문 유통기업으로 거듭나겠다는 포부를 밝혔습니다.",헬스케어
경기,17,22.625,1,"경제가 상반기에 부진한 흐름을 보이다가 조만간 반등할 가능성이 보인다는 KDI의 분석이 나왔습니다. KDI는 내수 부진이 완화되고 경기 저점을 시사하는 지표들이 증가하고 있다고 밝혔습니다. 제조업은 생산 감소와 낮은 가동률, 상승하는 재고율로 인해 부진한 상태를 유지하고 있으나, 반도체 수출 감소세가 축소되고 수출 부진도 완화되는 등 긍정적인 변화도 있었습니다. 중국 경제는 코로나 이후 회복세가 둔화되고 있으며, 다양한 경제지표들이 기대 이하의 성과를 보이고 있습니다. 로이터통신에 따르면 중국의 경제 모멘텀이 약화되고 있다는 신호가 나타났습니다. 미국의 경제 전망에 대해서는 골드만삭스 CEO가 ""불확실한 순간""이라고 진단하였으며, 상업용 부동산 시장도 압박을 받고 있는 상황입니다. 그러나 미국이 경기 침체에 빠지더라도 올해 말이나 2024년 초까지는 그런 일이 없을 것으로 예상되고 있습니다.",경기 부양
경기 회복,6,20.5625,1,"독일 경제부는 글로벌 에너지 시장의 가격 압력 완화와 글로벌 경제의 반등 등으로 올해 남은 기간 동안 점진적인 경제 회복이 이루어질 것으로 예상했습니다. 이와 같은 지속적인 경기 침체를 예상하지 않고 있다고 월간 보고서에서 언급했습니다. 독일은 2023년 1분기 기술적 경기침체에 진입했으며, 이는 경제 축소의 연속된 두 분기를 의미합니다. 독일 경제부는 수요일 발표한 월간 보고서에서, 글로벌 에너지 시장의 가격 압력 완화와 예상되는 세계 경제 회복 등의 요인을 언급하며, 올해 더 이상 경제적 회복이 예상된다고 밝혔습니다. 보고서는 경제적으로 지속적인 하락을 의미하는 경제적인 불황은 현재 예상되지 않는다고 말했습니다.
S&P 500과 Nasdaq는 금요일에 14개월래 최고치를 찍었습니다. TD Cowen의 업그레이드 이후 Kohls 주가가 상승했습니다. 지수: S&P 500 +0.99%, Nasdaq +0.89%, Dow +1.16%S&P 500과 Nasdaq은 새로운 경제 데이터를 소화하고 미 연방준비제도가 공격적인 금리 인상 캠페인의 끝에 가까워지고 있다는 것을 예상하며 14개월 최고치로 상승했습니다. 물가 상승률이 완화되는 경제 데이터가 나오면서 미국 국채 수익률이 하락하면서 미래 금리 인상에 대한 우려를 완화시켰습니다. 데이터는 차량을 비롯한 다양한 상품에 소비자가 지출하면서 예상치 못하게 5월에 상승했다는 것을 보여줬습니다.
중국의 경제 회복이 기대보다 늦어지고 있습니다. 5월 생산과 소비 지표가 모두 기대치를 밑돌았고, 청년실업률은 전달에 이어 또다시 최고치를 경신했습니다. 15일 중국 국가통계국은 5월 산업생산이 전년 동기 대비 3.5% 증가했다고 밝혔습니다. 이는 전월치(5.6%) 대비 악화했을 뿐 아니라, 전문가 전망치(3.8%)에도 못 미치는 수치다.중국의 산업생산은 공장, 광산, 공공시설의 총생산량을 측정한 것으로 제조업 동향을 반영하며 고용과 평균 소득 등의 선행지표로 활용됩니다. 같은 날 발표된 중국의 5월 소매판매 역시 전년 대비 12.7% 증가하는 데 그쳤습니다.",경기 부양
경기부양,7,20.75,1,추경호 부총리는 하반기 경기 반등을 위해 수출·투자·내수 활력 제고와 함께 경제 체질의 구조적 개선에 총력을 기울일 것이라고 밝혔습니다. 물가 상승세가 둔화되고 내수 회복세가 이어지고 있지만 경제 곳곳에 불확실성이 있는 만큼 긴장의 끈을 놓지 않아야 한다는 의견도 제시했습니다. 경제 전문가들은 하반기로 갈수록 경기가 나아질 것으로 전망하지만 중국 리오프닝 파급 효과와 IT 부문 회복 속도에 따라 경기 반등 폭이 좌우될 것으로 내다봤습니다. 따라서 대내외 리스크 관리를 철저히 해야 하며 정책은 소비·수출 회복을 위한 지원 강화와 구조적 변화 대응을 종합적으로 고려해야 한다는 의견도 제시되었습니다. 코스피는 중국 경제지표 부진 영향을 받아 하락세로 장을 마쳤습니다. 외국인과 기관의 순매도세가 강해져 하락세로 이어졌으며 중국의 실물 지표 부진도 영향을 준 것으로 보입니다.,경기 부양
구리,9,21.125,1,"중국이 10개월 만에 금리를 인하하여 경제 성장을 지원함에 따라 금속 수요가 증가하고, 구리 가격이 상승했습니다. 이로 인해 환율 약세로 인해 다른 통화 소지자에게는 더 저렴한 가격으로 거래될 수 있게 되었습니다. 미국 인플레이션 상승세의 완화와 중국 중앙은행의 금리 인하로 구리 가격이 상승하였습니다. 구리 가격은 중국 경제 성장과 달러 약세로 인해 수요가 증가하였고, 중국 중앙은행의 금리 완화가 예상되어 구리 가격이 오를 것으로 전망됩니다. 또한, 유럽 최대 아연 광산의 생산 중단 발표로 인해 구리 가격이 상승하였습니다. 이에 따라 구리 가격은 상승세를 보이며 전력과 건설에 사용되는 구리의 가격도 상승하였습니다.",경기 부양
소매유통,10,21.3125,1,"1. 인도 주식시장은 국내 소매판매 물가지수 발표를 기다리는 가운데 약세를 보였습니다.
2. 미국 주식시장은 경제 데이터를 환영하는 투자자들의 기분이 좋아지면서 최고치를 기록했습니다.
3. 소비자들의 지출이 증가하면서 소매 판매가 상승하였고, 실업 수당도 예상보다 높게 유지되었습니다.
4. 뉴욕증시는 소매판매가 견고하며 산업 생산의 감소로 반등에 성공했습니다.
5. 미국의 5월 소매판매는 예상치를 상회하는 0.3% 증가를 기록했습니다.",경기 부양
수출,11,21.5,1,"1. 이번 달 1~10일까지의 수출실적은 전년 대비 1.2% 증가하여 깜짝 반등했다. 주요 수출 품목 중 승용차와 선박은 호조를 보였으나, 반도체와 석유제품은 감소했다.
2. 대중 수출은 12개월째 감소세를 이어가고 있으며, 중국과의 무역수지는 5억 9900만 달러의 적자를 기록했다. 하지만 미국, 유럽연합, 일본 등으로의 수출은 증가했다.
3. 미국 시장은 우리나라 총수출액에서 18%의 비중을 차지하며, 중국에서 미국으로의 교체 가능성이 높아지고 있다.
4. 대중 무역수지는 16개월 만에 무역 흑자 가능성도 보이며, 모처럼 이번 달 수출실적의 플러스 전환은 수출이 저점을 찍고 반등할 수 있다는 관측을 나타냈다.
5. 전반적으로 수출은 호조를 보이지만, 반도체와 대중 수출은 여전히 부진한 상태로 유지되고 있다.",경기 부양
업,6,20.5625,1,"1. 브라질의 서비스 업종 활동이 4월 한 달 동안에 예상보다 더 많이 하락하여 금리 인하를 요구하는 목소리를 높일 수 있습니다.
2. KDI는 4개월째 국내 경기 부진이 이어지고 있으며, 제조업 평균 가동률이 낮은 수준에 머물러 있고 설비투자 관련 선행지수도 부진한 모습입니다.
3. KDI는 미국은 내수 부진에 신용 위축 우려가 커지며 올 하반기 이후 완만한 경기 침체 가능성이 제기되고 있다고 밝혔습니다.
4. KDI는 중국은 경제활동 재개로 서비스업이 회복되고 있지만 아직 경제 전반의 회복으로 확산되지 못하고 있다고 전망했습니다.
5. 한국개발연구원(KDI)은 6월 경제동향에서 제조업을 중심으로 부진한 상황이나 경기 저점을 시사하는 지표들이 증가하고 있다고 분석했습니다.",경기 부양
철강,19,23.0,1,"모헨즈가 장중 상한가를 기록하며 철강주 강세를 보이고 있습니다. 우크라이나의 철강 생산이 댐 파열로 중단되어 철강 업체들에게 영향을 주고 있습니다. 중국 부동산 시장의 약세로 철광석 가격이 하락하고 있으며, 이에 대한 골드만삭스의 경고가 나왔습니다. 철강 시장은 모헨즈의 상승세와 우크라이나와 중국의 상황에 따라 변동성을 겪을 전망입니다.",경기 부양
리츠,10,21.3125,3,"ESR켄달스퀘어리츠는 이천1물류센터를 높은 가격에 성공적으로 매각하여 물류부동산 자산의 가격 경색 우려를 불식시켰다. 제이알글로벌리츠는 파이낸스타워와 맨해튼 빌딩을 기초자산으로 소유하고 있으며, 자산 포트폴리오의 질이 우수하다는 평가를 받았다. 이지스밸류리츠는 유상증자를 통해 자산의 여러 호재와 차입 부담을 해소하여 주가를 견조하게 유지하고 있다. 이번 유상증자는 주가에 상승 효과를 가져올 것으로 예상되며, 장기 성장성에 주목할 필요가 있다.",중국 부동산
부동산,31,25.25,3,"중국 정부의 경기 부양책이 부동산 부양책에 초점을 맞추고 있으며, 중국 인민은행이 금리 인하를 통해 대출우대금리 인하를 예고하고 있다. 하지만 정부의 부동산 정책 스탠스가 미지수이며, 정책 강도와 시행 시기는 아직 확인되지 않았다. 은행권의 가계대출 증가세가 뚜렷하게 나타나고 있으며, 은행권 주담대가 증가한 영향으로 기타대출은 감소했다. 중국 정부는 대대적인 경기부양책을 고려하고 있으며, 부동산 시장의 침체를 해소하기 위한 정책이 포함될 것으로 예상된다. 골드만삭스는 중국 정부가 부동산을 단기 부양 수단으로 활용하지 않기를 원하고 있으며, 이로 인해 부동산은 수년간 경기침체에 빠질 수 있다고 경고했다.",중국 부동산
재벌,4,20.1875,3,"지난해 재무분석에 따르면 2022년에는 대부분의 상장사가 수익성에 경고등이 켜진 상태입니다. 조사 대상 기업의 이자 비용은 전년 대비 31.9% 증가하여 이자보상배율이 5.1배로 절반 수준으로 나타났습니다. 또한, 조사 대상 기업의 부채비율은 79.9%로 전년 대비 4.8%포인트 상승한 것으로 조사됐습니다. 이로써 우리나라 기업의 건강 상태가 전반적으로 악화되었습니다. 이에 대한 분석은 지난해 4월 이후 무역수지 적자를 기록한 수출 부진 상황에서 대기업들의 영업이익이 감소한 것으로 보입니다. 또한 금리 상승으로 인해 기업의 이자 부담이 증가한 것으로 조사되었습니다. 전경련에 따르면, 글로벌 경제복합 위기에도 불구하고 대기업 6곳 중 10곳은 하반기에도 투자를 이어갈 것으로 전망됩니다. 그러나 경기둔화 등 경제전망 불확실과 금융시장 위축 등의 이유로 일부 기업들은 하반기 투자를 축소할 계획이라고 밝혔습니다. 이에 따라 기업들은 하반기 투자활동에 글로벌 경기둔화를 가장 큰 리스크로 지목하고 있습니다.",중국 부동산
중국,12,21.6875,3,"중국 경제가 예상치를 넘지 못하고 부진한 모습을 보여주었습니다. 이에 중국 중앙은행은 10개월 만에 기준금리를 인하했으며, 다음 주에는 기준 금리 대출 LPR의 인하가 예상됩니다. 시장은 자동차 산업 등을 대상으로 한 추가 자극책을 기대하고 있습니다. 인민은행의 단기 대출 금리 인하와 미국 소비자 물가 인플레이션 자료를 기다리는 분위기가 활기를 띠고 있습니다. 중국은 경기 부양을 위해 금융 정책 수단을 동원하고 있으며, 경제와 주가를 부흥시키기에는 아직 부족한 조치라는 의견이 나오고 있습니다.",중국 부동산
중국 기업,37,26.375,3,"중국 기업들은 조 바이든 미국 행정부의 규제로 인해 대중국 투자에 대한 추가 규제를 우려하고 있다. 홍콩H지수(HSCEI)와 나스닥 골든드래곤차이나지수는 다른 지수들에 비해 약한 모습을 보이고 있다. 중국 기업들은 자국 증시 상장이 미국 증시 상장에 비해 더 많은 반면, 디커플링 움직임이 관측되고 있다. 중국 경제 회복을 둘러싼 우려가 커지고 있으며, 수출 둔화, 지방정부 부채 위기, 국내 수요 약화, 디플레이션 위험, 투자자들의 신뢰 등 어려움을 직면하고 있다. 이날 중국 증시는 하락 출발하였으며, 상하이종합지수, 선전성분지수, 차이넥스트는 각각 내림세를 보였다.",중국 부동산
에너지,14,22.0625,99,"1. 캐나다 주식시장인 TSX 지수는 기술 부문 상승으로 인해 상승하였으나, 에너지 주식의 하락으로 인해 제한되었습니다.
2. 유럽의 전력 가격은 재생 에너지와 원자력 생산량 감소로 인해 급격히 상승하였습니다.
3. 캐나다의 S&P/TSX 복합 지수는 높은 원유 가격으로 에너지 주식이 상승하고, 미국 인플레이션 둔화 데이터로 위험 선호가 증가하였습니다.
4. 이번 주 연방준비제도(Fed)의 이자율 결정을 앞두고 월스트리트는 이자 인상을 일시 중단할 것으로 예상하며 큰 상승을 기록했습니다.
5. 중국 중앙은행의 움직임으로 인해 원유 가격이 상승하였으며, 금융 부문은 상승했습니다.",그 외
암호화폐,14,22.0625,99,"미국의 SEC 조치로 인해 암호화폐 거래소의 거래량이 급감하고 있으며, 이로 인해 모든 상위 거래소의 거래량이 지난 24시간 동안 심각하게 감소했습니다. 바이낸스와 코인베이스 거래소에 대한 소송과 집행 조치로 수십억 명의 거래자가 중앙화된 거래소를 떠났습니다. 이에 따라 암호화폐 거래 플랫폼인 로빈후드의 거래량도 급격히 감소했으며, 연간 기준으로는 68% 감소했습니다. FOMC 뉴욕증시에서는 CPI 물가 발표와 연방공개시장위원회 정례회의를 앞두고 긴장감이 고조되고 있으며, 이에 따라 비트코인 국제유가가 급락하고 있습니다.",그 외
화장품,11,21.5,99,화장품 전문기업 대봉엘에스가 신규 유사 세라마이드 화합물의 특허를 중국과 유럽에서도 획득했습니다. 이 세라마이드는 피부의 장벽 강화와 통증 관리에 도움을 줄 수 있을 것으로 예상됩니다. 삼성메디코스는 나노버블 안정화기술을 개발하여 피부에 효과적으로 유효성분을 전달할 수 있다고 발표했습니다. 이 기술은 차세대 리포솜으로 활용될 수 있을 것으로 기대됩니다. 화장품 강소기업 브이티지엠피는 일본에서 사상 최대 매출을 기록했습니다. 피부재생 효과가 있는 시카 성분이 함유된 제품이 소비자들의 이목을 끌었습니다.,그 외
